{
	"description": "项目配置文件",
	"packOptions": {
		"ignore": []
	},
	"setting": {
		"urlCheck": true,
		"scopeDataCheck": false,
		"coverView": true,
		"es6": true,
		"postcss": true,
		"compileHotReLoad": false,
		"preloadBackgroundData": false,
		"minified": true,
		"autoAudits": false,
		"newFeature": true,
		"uglifyFileName": false,
		"uploadWithSourceMap": true,
		"useIsolateContext": true,
		"nodeModules": false,
		"enhance": false,
		"useCompilerModule": true,
		"userConfirmedUseCompilerModuleSwitch": false,
		"showShadowRootInWxmlPanel": true
	},
	"compileType": "miniprogram",
	"libVersion": "2.10.1",
	"appid": "wx390a3315b094763c",
	"projectname": "%E8%B1%8C%E8%B1%86%E5%B0%84%E6%89%8B",
	"debugOptions": {
		"hidedInDevtools": []
	},
	"isGameTourist": false,
	"simulatorType": "wechat",
	"simulatorPluginLibVersion": {},
	"condition": {
		"search": {
			"current": -1,
			"list": []
		},
		"conversation": {
			"current": -1,
			"list": []
		},
		"game": {
			"currentL": -1,
			"list": []
		},
		"miniprogram": {
			"current": -1,
			"list": []
		}
	}
}